<?xml version="1.0" encoding="utf-8"?>
<!DOCTYPE hibernate-configuration SYSTEM 
"http://www.hibernate.org/dtd/hibernate-configuration-3.0.dtd">

<hibernate-configuration>
<session-factory>
 
<!-- Related to the connection START -->
<property name="connection.driver_class">org.postgresql.Driver</property>
<property name="connection.url">jdbc:postgresql://localhost:5432/hibernatedb</property>
<property name="connection.user">postgres</property>
<property name="connection.password">admin</property>
<!-- Related to the connection END -->
 
 <!-- JDBC Connection pool Config -->
<property name="connection.pool_size">1</property>


<!-- Related to hibernate properties START -->
<property name="show_sql">true</property>
<property name="dialect">org.hibernate.dialect.PostgreSQLDialect</property>
<property name="hbm2ddl.auto">update</property>
<!-- Related to hibernate properties END-->
 
<!-- Related to mapping
<mapping resource="hbm file 1 name .xml"/>-->
<mapping class="com.hb.dto.UserDetails"></mapping>
 
</session-factory>
</hibernate-configuration>